{
    "mode": "fluid",
    "draw_threshold": 0.5,
    "metric": "COCO",
    "use_dynamic_shape": false,
    "arch": "PicoDet",
    "min_subgraph_size": 3,
    "Preprocess": [
        {
            "interp": 2,
            "keep_ratio": false,
            "target_size": [
                320,
                320
            ],
            "type": "Resize"
        },
        {
            "is_scale": true,
            "mean": [
                0.485,
                0.456,
                0.406
            ],
            "std": [
                0.229,
                0.224,
                0.225
            ],
            "type": "NormalizeImage"
        },
        {
            "type": "Permute"
        },
        {
            "stride": 32,
            "type": "PadStride"
        }
    ],
    "label_list": [
        "person",
        "bicycle",
        "car",
        "motorcycle",
        "airplane",
        "bus",
        "train",
        "truck",
        "boat",
        "traffic light",
        "fire hydrant",
        "stop sign",
        "parking meter",
        "bench",
        "bird",
        "cat",
        "dog",
        "horse",
        "sheep",
        "cow",
        "elephant",
        "bear",
        "zebra",
        "giraffe",
        "backpack",
        "umbrella",
        "handbag",
        "tie",
        "suitcase",
        "frisbee",
        "skis",
        "snowboard",
        "sports ball",
        "kite",
        "baseball bat",
        "baseball glove",
        "skateboard",
        "surfboard",
        "tennis racket",
        "bottle",
        "wine glass",
        "cup",
        "fork",
        "knife",
        "spoon",
        "bowl",
        "banana",
        "apple",
        "sandwich",
        "orange",
        "broccoli",
        "carrot",
        "hot dog",
        "pizza",
        "donut",
        "cake",
        "chair",
        "couch",
        "potted plant",
        "bed",
        "dining table",
        "toilet",
        "tv",
        "laptop",
        "mouse",
        "remote",
        "keyboard",
        "cell phone",
        "microwave",
        "oven",
        "toaster",
        "sink",
        "refrigerator",
        "book",
        "clock",
        "vase",
        "scissors",
        "teddy bear",
        "hair drier",
        "toothbrush"
    ],
    "NMS": {
        "keep_top_k": 100,
        "name": "MultiClassNMS",
        "nms_threshold": 0.5,
        "nms_top_k": 1000,
        "score_threshold": 0.3
    },
    "fpn_stride": [
        8,
        16,
        32,
        64
    ]
}
